{
    "matrix": {
        "rows": 12,
        "cols": 7
    },
    "layouts": {
        "keymap": [
          [
            {
              "x": 3
            },
            "0,3",
            {
              "x": 10.25
            },
            "6,2"
          ],
          [
            {
              "y": -0.875,
              "x": 2
            },
            "0,2",
            {
              "x": 1
            },
            "0,4"
          ],
          [
            {
              "y": -0.995,
              "x": 13.25
            },
            "6,1",
            {
              "x": 1
            },
            "6,3"
          ],
          [
            {
              "y": -0.8799999999999999
            },
            "0,0",
            "0,1",
            {
              "x": 3
            },
            "0,5",
            {
              "x": 6.25
            },
            "6,0",
            {
              "x": 3
            },
            "6,4",
            "6,5"
          ],
          [
            {
              "y": -0.25,
              "x": 3
            },
            "1,3",
            {
              "x": 10.25
            },
            "7,2"
          ],
          [
            {
              "y": -0.875,
              "x": 2
            },
            "1,2",
            {
              "x": 1
            },
            "1,4"
          ],
          [
            {
              "y": -0.9950000000000001,
              "x": 13.25
            },
            "7,1",
            {
              "x": 1
            },
            "7,3"
          ],
          [
            {
              "y": -0.8799999999999999
            },
            "1,0",
            "1,1",
            {
              "x": 3
            },
            "1,5",
            {
              "x": 6.25
            },
            "7,0",
            {
              "x": 3
            },
            "7,4",
            "7,5"
          ],
          [
            {
              "y": -0.5,
              "x": 8.5
            },
            "12,0\n\n\n\n\n\n\n\n\ne", "1,6",
            "12,1\n\n\n\n\n\n\n\n\ne"
          ],
          [
            {
              "y": -0.75,
              "x": 3
            },
            "2,3",
            {
              "x": 10.25
            },
            "8,2"
          ],
          [
            {
              "y": -0.875,
              "x": 2
            },
            "2,2",
            {
              "x": 1
            },
            "2,4"
          ],
          [
            {
              "y": -0.9950000000000001,
              "x": 13.25
            },
            "8,1",
            {
              "x": 1
            },
            "8,3"
          ],
          [
            {
              "y": -0.8799999999999999
            },
            "2,0",
            "2,1",
            {
              "x": 3
            },
            "2,5",
            {
              "x": 6.25
            },
            "8,0",
            {
              "x": 3
            },
            "8,4",
            "8,5"
          ],
          [
            {
              "y": -0.25,
              "x": 3
            },
            "3,3",
            {
              "x": 10.25
            },
            "9,2"
          ],
          [
            {
              "y": -0.8700000000000001,
              "x": 2
            },
            "3,2",
            {
              "x": 1
            },
            "3,4",
            {
              "x": 8.25
            },
            "9,1",
            {
              "x": 1
            },
            "9,3"
          ],
          [
            {
              "y": -0.8799999999999999
            },
            "3,0",
            "3,1",
            {
              "x": 3
            },
            "3,5",
            {
              "x": 6.25
            },
            "9,0",      
            {
              "x": 3
            },
            "9,4",
            "9,5"
          ],
          [
            {
              "y": -0.5,
              "x": 6.75
            },
            "6,0\n\n\n\n\n\n\n\n\ne", "0,6",
            "6,1\n\n\n\n\n\n\n\n\ne"
          ],
          [
            {
              "y": -0.5,
              "x": 4
            },
            "4,4",
            "4,5",
            {
              "x": 6.25
            },
            "10,0",
            "10,1"
          ],
          [
            {
              "x": 1.75
            },
            "5,1",
            "5,2",
            "5,3",
            "5,4",
            "5,5",
            {
              "x": 4.75
            },
            "11,0",
            "11,1",
            "11,2",
            "11,3",
            "11,4"
          ]
        ]
        
    }
}