{
  "matrix": {
      "rows": 12,
      "cols": 6
  },
  "layouts": {
      "keymap": [
         [
  {
    "x": 3
  },
  "0,3",
  {
    "x": 8.5
  },
  "6,2"
],
[
  {
    "y": -0.875,
    "x": 2
  },
  "0,2",
  {
    "x": 1
  },
  "0,4",
  {
    "x": 6.5
  },
  "6,1",
  {
    "x": 1
  },
  "6,3"
],
[
  {
    "y": -0.875
  },
  "0,0",
  "0,1",
  {
    "x": 3
  },
  "0,5",
  {
    "x": 4.5
  },
  "6,0",
  {
    "x": 3
  },
  "6,4",
  "6,5"
],
[
  {
    "y": -0.25,
    "x": 3
  },
  "1,3",
  {
    "x": 8.5
  },
  "7,2"
],
[
  {
    "y": -0.875,
    "x": 2
  },
  "1,2",
  {
    "x": 1
  },
  "1,4",
  {
    "x": 6.5
  },
  "7,1",
  {
    "x": 1
  },
  "7,3"
],
[
  {
    "y": -0.875
  },
  "1,0",
  "1,1",
  {
    "x": 3
  },
  "1,5",
  {
    "x": 0.25
  },
  "6,0\n\n\n\n\n\n\n\n\ne",
  "6,1\n\n\n\n\n\n\n\n\ne",
  {
    "x": 0.15000000000000036
  },
  "4,5\n\n\n\n\n\n\n\n\ne",
  "12,0\n\n\n\n\n\n\n\n\ne",
  {
    "x": 0.09999999999999964
  },
  "7,0",
  {
    "x": 3
  },
  "7,4",
  "7,5"
],
[
  {
    "y": -0.25,
    "x": 3
  },
  "2,3",
  {
    "x": 8.5
  },
  "8,2"
],
[
  {
    "y": -0.875,
    "x": 2
  },
  "2,2",
  {
    "x": 1
  },
  "2,4",
  {
    "x": 6.5
  },
  "8,1",
  {
    "x": 1
  },
  "8,3"
],
[
  {
    "y": -0.875
  },
  "2,0",
  "2,1",
  {
    "x": 3
  },
  "2,5",
  {
    "x": 4.5
  },
  "8,0",
  {
    "x": 3
  },
  "8,4",
  "8,5"
],
[
  {
    "y": -0.25,
    "x": 3
  },
  "3,3",
  {
    "x": 8.5
  },
  "9,2"
],
[
  {
    "y": -0.8999999999999999,
    "x": 2
  },
  "3,2",
  {
    "x": 1
  },
  "3,4",
  {
    "x": 6.5
  },
  "9,1",
  {
    "x": 1
  },
  "9,3"
],
[
  {
    "y": -0.8500000000000001,
    "x": 5
  },
  "3,5"
],
[
  {
    "y": -1
  },
  "3,0",
  "3,1",
  {
    "x": 8.5
  },
  "9,0",
  {
    "x": 3
  },
  "9,4",
  "9,5"
],
[
  {
    "y": -0.15000000000000036,
    "x": 2.75
  },
  "5,2",
  "5,3",
  {
    "x": 7
  },
  "11,2",
  "11,3"
],
[
  {
    "y": -0.8499999999999996,
    "x": 1.75
  },
  "5,1",
  {
    "x": 2
  },
  "5,4",
  {
    "x": 5
  },
  "11,1",
  {
    "x": 2
  },
  "11,4"
],
[
  {
    "r": 15,
    "rx": 7,
    "ry": 3.5,
    "y": 0.5,
    "x": -0.75
  },
  "4,4",
  "4,5"
],
[
  {
    "x": -0.75
  },
  "5,5"
],
[
  {
    "r": -15,
    "rx": 0,
    "ry": 0,
    "y": 6.35,
    "x": 7
  },
  "10,0",
  "10,1"
],
[
  {
    "x": 8
  },
  "11,0"
]
      ]
  }
}